<?xml version="1.0" encoding="UTF-8" standalone="yes"?>
<addon id="plugin.image.ShotwellViewer" name="Shotwell Viewer" version="0.0.2" provider-name="tmp">
    <requires>
        <import addon="xbmc.python" version="2.1.0"/>
    </requires>
    <extension point="xbmc.python.pluginsource" library="plugin.py">
        <provides>image</provides>
    </extension>
    <extension point="xbmc.addon.metadata">
        <summary lang="en">View pictures from shotwell.</summary>
        <description lang="en">
            A plugin to view pictures from a shotwell database file.
            So far saved searches and events are supported.
            
            This plugin uses the icon of Yorba's photo manager Shotwell
            (http://www.yorba.org/projects/shotwell/).
        </description>
        <disclaimer lang="en">Feel free to use this script.</disclaimer>
        <license>DO WHAT THE FUCK YOU WANT TO PUBLIC LICENSE, Version 2</license>
        <platform></platform>
        <website></website>
        <source></source>
        <forum></forum>
        <email></email>
    </extension>
</addon>
